id,title,isInvitationOnly,owner,description,snippet,tags,typeKeywords,phone,sortField,sortOrder,isViewOnly,featuredItemsId,thumbnail,created,modified,access,capabilities,isFav,isReadOnly,protected,autoJoin,notificationsEnabled,provider,providerGroupName,leavingDisallowed,hiddenMembers,membershipAccess,displaySettings,orgId,properties,_gis,_migrate,_portal,groupid,_workdir,_hydrated,userMembership,collaborationInfo,isOpenData,createdDate,modifiedDate
1ef586edc38e42ed9274810e2f6e41cd,2017_3DEP_Lidar,True,gistsn,,Kane County Illinois 2017 3DEP Lidar,['Kane County'],[],,title,asc,True,,,1553529915000,1553529916000,private,[],False,False,False,False,False,,,False,False,org,{'itemTypes': ''},oRKmdBXD6EbdmVgJ,,GIS @ https://kanegis.maps.arcgis.com/ version:2024.3,,<arcgis.gis._impl._portalpy.Portal object at 0x000002A8AA343CD0>,1ef586edc38e42ed9274810e2f6e41cd,C:\Users\jstan\AppData\Local\Temp\ArcGISProTemp55956,False,"{'username': 'KDOT_Lebo', 'memberType': 'none'}",{},,2019-03-25,2019-03-25
207169910947424bb110eff35d9c2422,Animal Problems,True,gistsn,,,['workforce'],[],,title,asc,True,,,1470950010000,1470950010000,private,[],False,False,False,False,False,,,False,False,org,{'itemTypes': ''},oRKmdBXD6EbdmVgJ,,GIS @ https://kanegis.maps.arcgis.com/ version:2024.3,,<arcgis.gis._impl._portalpy.Portal object at 0x000002A8AA343CD0>,207169910947424bb110eff35d9c2422,C:\Users\jstan\AppData\Local\Temp\ArcGISProTemp55956,False,,,,2016-08-11,2016-08-11
e3d30c0829da4ffc8dc24abdff21666b,Animal_Control,False,GIS_Krueger,Kane County Illinois Animal Control Group,Kane County Animal Control Group,"['Animal Control', 'Group']",[],,title,asc,False,,,1457366762000,1457371081000,org,[],False,False,False,False,False,,,False,False,org,{'itemTypes': ''},oRKmdBXD6EbdmVgJ,,GIS @ https://kanegis.maps.arcgis.com/ version:2024.3,,<arcgis.gis._impl._portalpy.Portal object at 0x000002A8AA343CD0>,e3d30c0829da4ffc8dc24abdff21666b,C:\Users\jstan\AppData\Local\Temp\ArcGISProTemp55956,False,,,,2016-03-07,2016-03-07
5b20b48b23cc448db9ef94e33aec9eb5,Building Access Maps,True,JVerachtert,,Campus Maps showing access points to buildings,"['Buildings', 'Maintenance', 'Public Safety']",[],,,,False,,,1728408795000,1728409527000,org,['updateitemcontrol'],False,False,True,False,False,,,False,False,org,{'itemTypes': ''},oRKmdBXD6EbdmVgJ,,GIS @ https://kanegis.maps.arcgis.com/ version:2024.3,,<arcgis.gis._impl._portalpy.Portal object at 0x000002A8AA343CD0>,5b20b48b23cc448db9ef94e33aec9eb5,C:\Users\jstan\AppData\Local\Temp\ArcGISProTemp55956,False,,,,2024-10-08,2024-10-08
5030b7621dd041b7b1182f915d852575,c.) Kane County District Maps,True,gistsn,,Kane County District Maps,"['Kane County', 'Districts']",[],,title,asc,False,,,1396554185000,1516299175000,public,[],False,False,True,False,False,,,False,False,org,{'itemTypes': ''},oRKmdBXD6EbdmVgJ,,GIS @ https://kanegis.maps.arcgis.com/ version:2024.3,,<arcgis.gis._impl._portalpy.Portal object at 0x000002A8AA343CD0>,5030b7621dd041b7b1182f915d852575,C:\Users\jstan\AppData\Local\Temp\ArcGISProTemp55956,False,,,,2014-04-03,2018-01-18
b13b38739e5f497cbbc67ecc288fea3e,Cadastral,True,GIS_Krueger,,Cadastral Layers,['Cadastral'],[],,title,asc,False,,,1537300732000,1537300732000,private,[],False,False,False,False,False,,,False,False,org,{'itemTypes': ''},oRKmdBXD6EbdmVgJ,,GIS @ https://kanegis.maps.arcgis.com/ version:2024.3,,<arcgis.gis._impl._portalpy.Portal object at 0x000002A8AA343CD0>,b13b38739e5f497cbbc67ecc288fea3e,C:\Users\jstan\AppData\Local\Temp\ArcGISProTemp55956,False,,,,2018-09-18,2018-09-18
918b27bc9b6943f1a37172f054b9f03e,CamptonHills,True,gistsn,"Campton Hills, Kane County, Illinois.  Updating their Zoning layer.<div><br /></div>","Village of Campton Hills, Kane County, Illinois. Developed by Kane County GIS-Technologies",['Kane County Illinois'],[],,title,asc,False,,,1677167186000,1677169210000,public,[],False,False,False,False,False,,,False,False,org,{'itemTypes': ''},oRKmdBXD6EbdmVgJ,,GIS @ https://kanegis.maps.arcgis.com/ version:2024.3,,<arcgis.gis._impl._portalpy.Portal object at 0x000002A8AA343CD0>,918b27bc9b6943f1a37172f054b9f03e,C:\Users\jstan\AppData\Local\Temp\ArcGISProTemp55956,False,,,,2023-02-23,2023-02-23
6b8e64b70dfc4a85acebbdf4433190a3,Cartegraph,True,KDOT_Lebo,A group used to organize GIS connections with the Cartegraph OMS Instance for both the Kane County Transportation Department and the Kane County Forrest Preserve ,A group used to organize GIS connections with the Cartegraph OMS Instance for both the Kane County Transportation Department and the Kane County Forrest Preserve ,"['gis', 'it', 'kdot', 'fp']",[],,title,asc,False,,,1545144549000,1545144784000,private,[],False,False,False,False,False,,,False,False,org,{'itemTypes': ''},oRKmdBXD6EbdmVgJ,,GIS @ https://kanegis.maps.arcgis.com/ version:2024.3,,<arcgis.gis._impl._portalpy.Portal object at 0x000002A8AA343CD0>,6b8e64b70dfc4a85acebbdf4433190a3,C:\Users\jstan\AppData\Local\Temp\ArcGISProTemp55956,False,,,,2018-12-18,2018-12-18
13f0bd3c2d104002a64b5be44ceef7cc,Coronavirus Response - Kane County Illinois Content,False,gistsn,"Use this group to organize the items that you want to share as part of your site. Shared items become available in your site's search results and only people who have access to these items will be able to find them. Members of the core team get access to shared items and can update them at any time. Certain cards, like the Gallery card, will automatically populate with shared items so that you don't have to search for them when choosing what you want to display on your site.<br /><br />Contact support with any questions related to this group or content management for your site.<br /><br /><strong>DO NOT DELETE THIS GROUP.</strong>","Applications, maps, data, etc. shared with this group generates the Coronavirus Response - Kane County Illinois content catalog.","['Hub Group', 'Hub Content Group', 'Hub Site Group']",[],,modified,desc,False,,,1584370577000,1584370578000,public,[],False,False,True,False,False,,,False,False,org,{'itemTypes': ''},oRKmdBXD6EbdmVgJ,,GIS @ https://kanegis.maps.arcgis.com/ version:2024.3,,<arcgis.gis._impl._portalpy.Portal object at 0x000002A8AA343CD0>,13f0bd3c2d104002a64b5be44ceef7cc,C:\Users\jstan\AppData\Local\Temp\ArcGISProTemp55956,False,,,,2020-03-16,2020-03-16
5014cb5894dd437292dd959baa10b326,Coronavirus Response - Kane County Illinois Core Team,False,gistsn,"Adding members to the core team adds them to this group. These team members are also added to the site's content group so they can edit and manage site items in the content group. This group is an update group which means that your team members can update its content. Other members of your ArcGIS Online organization can see this group, but only your team can see what it includes and make changes.<br /><br />If you have additional questions about the core team group, please see Esri documentation or contact support.<br /><br /><strong>DO NOT DELETE THIS GROUP.</strong>","Members of this group can create, edit, and manage the site, pages, and other content related to Coronavirus Response - Kane County Illinois.","['Hub Group', 'Hub Site Group', 'Hub Core Team Group', 'Hub Team Group']",[],,modified,desc,False,,,1584370577000,1584370578000,org,['updateitemcontrol'],False,False,True,False,False,,,False,False,org,{'itemTypes': ''},oRKmdBXD6EbdmVgJ,,GIS @ https://kanegis.maps.arcgis.com/ version:2024.3,,<arcgis.gis._impl._portalpy.Portal object at 0x000002A8AA343CD0>,5014cb5894dd437292dd959baa10b326,C:\Users\jstan\AppData\Local\Temp\ArcGISProTemp55956,False,,,,2020-03-16,2020-03-16
a1c101cd23cf48d0b1beb6cd7006163d,CountyBoard_Redistricting,True,GIS_Krueger,,County Board Redistricting,"['Kane County', 'Redistricting Polygons']",[],,title,asc,False,,,1617113386000,1617113386000,private,[],False,False,False,False,False,,,False,False,org,{'itemTypes': ''},oRKmdBXD6EbdmVgJ,,GIS @ https://kanegis.maps.arcgis.com/ version:2024.3,,<arcgis.gis._impl._portalpy.Portal object at 0x000002A8AA343CD0>,a1c101cd23cf48d0b1beb6cd7006163d,C:\Users\jstan\AppData\Local\Temp\ArcGISProTemp55956,False,,,,2021-03-30,2021-03-30
1a07394da63745d88b8f63e09bea5f51,Customer Concerns,True,kdot_gissolutions,,,['workforce'],[],,title,asc,True,,,1726601329000,1726601330000,private,[],False,False,True,False,False,,,False,False,,{'itemTypes': ''},oRKmdBXD6EbdmVgJ,,GIS @ https://kanegis.maps.arcgis.com/ version:2024.3,,<arcgis.gis._impl._portalpy.Portal object at 0x000002A8AA343CD0>,1a07394da63745d88b8f63e09bea5f51,C:\Users\jstan\AppData\Local\Temp\ArcGISProTemp55956,False,,,,2024-09-17,2024-09-17
c4e1005837a945ddb2d966ca8926fa33,Division of Transportation,False,KDOT_Publisher,<b><i> Kane County Division of Transportation </i></b>,Kane County Division of Transportation ,['KDOT'],[],,title,asc,False,,,1410380453000,1410380453000,org,[],False,False,False,False,False,,,False,False,org,{'itemTypes': ''},oRKmdBXD6EbdmVgJ,,GIS @ https://kanegis.maps.arcgis.com/ version:2024.3,,<arcgis.gis._impl._portalpy.Portal object at 0x000002A8AA343CD0>,c4e1005837a945ddb2d966ca8926fa33,C:\Users\jstan\AppData\Local\Temp\ArcGISProTemp55956,False,,,,2014-09-10,2014-09-10
43a457f9ef7f4b4e8d86e9a811c9933e,Download,True,GIS_Krueger,,Download data,"['Kane County', 'Download']",[],,title,asc,False,,,1691779739000,1692191710000,private,[],False,False,False,False,False,,,False,True,,{'itemTypes': ''},oRKmdBXD6EbdmVgJ,,GIS @ https://kanegis.maps.arcgis.com/ version:2024.3,,<arcgis.gis._impl._portalpy.Portal object at 0x000002A8AA343CD0>,43a457f9ef7f4b4e8d86e9a811c9933e,C:\Users\jstan\AppData\Local\Temp\ArcGISProTemp55956,False,,,,2023-08-11,2023-08-16
7b6a0d4a236a4157842a0d7d60f34d56,Economic Development,True,GIS_Krueger,,Kane Economic Development Group - Map and App location,"['Kane County Illinois', 'Economic Development']",[],,title,asc,False,,,1553608304000,1553608304000,private,[],False,False,False,False,False,,,False,False,org,{'itemTypes': ''},oRKmdBXD6EbdmVgJ,,GIS @ https://kanegis.maps.arcgis.com/ version:2024.3,,<arcgis.gis._impl._portalpy.Portal object at 0x000002A8AA343CD0>,7b6a0d4a236a4157842a0d7d60f34d56,C:\Users\jstan\AppData\Local\Temp\ArcGISProTemp55956,False,,,,2019-03-26,2019-03-26
579ec96ab16d47f998ad2e8c0d5e5671,Election IT Tech Support,True,KDOT_Lebo,IT Technical support dispatch for elections.,Contains the data web map and apps for the Assign OPEN POLLD STAFF activities.  ,"['it', 'test']",[],,title,asc,False,,,1517862737000,1710173153000,private,[],False,False,False,False,False,,,False,False,,{'itemTypes': ''},oRKmdBXD6EbdmVgJ,,GIS @ https://kanegis.maps.arcgis.com/ version:2024.3,,<arcgis.gis._impl._portalpy.Portal object at 0x000002A8AA343CD0>,579ec96ab16d47f998ad2e8c0d5e5671,C:\Users\jstan\AppData\Local\Temp\ArcGISProTemp55956,False,,,,2018-02-05,2024-03-11
ef712a1674394596ad1d594995e84cad,Election Results,False,GIS_Krueger,Kane County Election Results,Kane County Election Results,"['Kane County', 'Election Results']",[],,title,asc,False,,,1482873545000,1482873545000,private,[],False,False,False,False,False,,,False,False,org,{'itemTypes': ''},oRKmdBXD6EbdmVgJ,,GIS @ https://kanegis.maps.arcgis.com/ version:2024.3,,<arcgis.gis._impl._portalpy.Portal object at 0x000002A8AA343CD0>,ef712a1674394596ad1d594995e84cad,C:\Users\jstan\AppData\Local\Temp\ArcGISProTemp55956,False,,,,2016-12-27,2016-12-27
7bcd2a3f245b43a8bdf11aacac29c3f6,Election Support V 3.0,True,KDOT_Lebo,,,['workforce'],[],,title,asc,True,,,1680608908000,1680608909000,private,[],False,False,True,False,False,,,False,False,,{'itemTypes': ''},oRKmdBXD6EbdmVgJ,,GIS @ https://kanegis.maps.arcgis.com/ version:2024.3,,<arcgis.gis._impl._portalpy.Portal object at 0x000002A8AA343CD0>,7bcd2a3f245b43a8bdf11aacac29c3f6,C:\Users\jstan\AppData\Local\Temp\ArcGISProTemp55956,False,,,,2023-04-04,2023-04-04
ecbe7ac76dbe4705861a5d2049b3b849,Elections Support March 2018,True,gistsn,A group used to manage all things related to IT Technical on call field support for Elections.,A group used to manage all things related to IT Technical on call field support for Election Day March 20th 2018. ,['workforce'],[],,title,asc,True,,,1517514720000,1582816602000,private,[],False,False,True,False,False,,,False,False,org,{'itemTypes': ''},oRKmdBXD6EbdmVgJ,,GIS @ https://kanegis.maps.arcgis.com/ version:2024.3,,<arcgis.gis._impl._portalpy.Portal object at 0x000002A8AA343CD0>,ecbe7ac76dbe4705861a5d2049b3b849,C:\Users\jstan\AppData\Local\Temp\ArcGISProTemp55956,False,,,,2018-02-01,2020-02-27
8ae8192d348948d2864249ea0c9e33b5,Elections Support V2.0,True,KDOT_Lebo,IT Tech Support group for Elections.  Used for Open polls Planning and Workforce Dispatch on Elections Day.  Use for the following elections;<div><br /></div><div><ul><li>20221108</li></ul></div>,IT Tech Support group for Elections,['workforce'],[],,title,asc,False,,,1665519105000,1667838107000,private,[],False,False,True,False,False,,,False,False,,{'itemTypes': ''},oRKmdBXD6EbdmVgJ,,GIS @ https://kanegis.maps.arcgis.com/ version:2024.3,,<arcgis.gis._impl._portalpy.Portal object at 0x000002A8AA343CD0>,8ae8192d348948d2864249ea0c9e33b5,C:\Users\jstan\AppData\Local\Temp\ArcGISProTemp55956,False,,,,2022-10-11,2022-11-07
0e99290e7cc744ee9578d8858b302a51,ETSB,True,gistsn,,Kane County Illinois Emergency Telephone System Board (ETSB),['Kane County'],[],,title,asc,False,,,1551792516000,1556897539000,public,[],False,False,True,False,False,,,False,False,org,{'itemTypes': ''},oRKmdBXD6EbdmVgJ,,GIS @ https://kanegis.maps.arcgis.com/ version:2024.3,,<arcgis.gis._impl._portalpy.Portal object at 0x000002A8AA343CD0>,0e99290e7cc744ee9578d8858b302a51,C:\Users\jstan\AppData\Local\Temp\ArcGISProTemp55956,False,,,,2019-03-05,2019-05-03
3336591cc7784e7d89fc8da886198ae8,Forest Preserve Endangered Species,True,GIS_Krueger,,Kane County Illinois Forest Preserve Endangered Species,"['Kane County', 'Forest Preserve', 'Endangered Species']",[],,title,asc,False,,,1649686854155,1649686854158,private,[],False,False,False,False,False,,,False,False,org,{'itemTypes': ''},oRKmdBXD6EbdmVgJ,,GIS @ https://kanegis.maps.arcgis.com/ version:2024.3,,<arcgis.gis._impl._portalpy.Portal object at 0x000002A8AA343CD0>,3336591cc7784e7d89fc8da886198ae8,C:\Users\jstan\AppData\Local\Temp\ArcGISProTemp55956,False,,,,2022-04-11,2022-04-11
16379561dbe9486b999e4e24c8f75306,FP Bridge Inventory,True,FOR_Tegge,,,['workforce'],[],,title,asc,True,,,1701787684000,1701787685000,private,[],False,False,True,False,False,,,False,False,,{'itemTypes': ''},oRKmdBXD6EbdmVgJ,,GIS @ https://kanegis.maps.arcgis.com/ version:2024.3,,<arcgis.gis._impl._portalpy.Portal object at 0x000002A8AA343CD0>,16379561dbe9486b999e4e24c8f75306,C:\Users\jstan\AppData\Local\Temp\ArcGISProTemp55956,False,,,,2023-12-05,2023-12-05
9528dbf5f09a4a5d94c3370b12d73946,FPDKC NRM,True,FOR_Chess,,,[],[],,title,asc,False,,,1660157884000,1701891873000,private,[],False,False,True,False,False,,,False,False,org,{'itemTypes': ''},oRKmdBXD6EbdmVgJ,,GIS @ https://kanegis.maps.arcgis.com/ version:2024.3,,<arcgis.gis._impl._portalpy.Portal object at 0x000002A8AA343CD0>,9528dbf5f09a4a5d94c3370b12d73946,C:\Users\jstan\AppData\Local\Temp\ArcGISProTemp55956,False,,,,2022-08-10,2023-12-06
a710e7a9f93f4246b0eb7f7977428e09,GeoEvent_Collab,False,GIS_Krueger,,,[],[],,,,False,,,1704317717000,1704482483000,private,['distributed'],False,False,True,False,False,,,False,False,org,{'itemTypes': ''},oRKmdBXD6EbdmVgJ,,GIS @ https://kanegis.maps.arcgis.com/ version:2024.3,,<arcgis.gis._impl._portalpy.Portal object at 0x000002A8AA343CD0>,a710e7a9f93f4246b0eb7f7977428e09,C:\Users\jstan\AppData\Local\Temp\ArcGISProTemp55956,False,,,,2024-01-03,2024-01-05
7877d6bd00c64156afc525acfe533616,GIS Solutions Share,True,KDOT_Lebo,,,[],[],,title,asc,False,,,1678901771203,1678901771207,private,['updateitemcontrol'],False,False,False,False,False,,,False,False,org,{'itemTypes': ''},oRKmdBXD6EbdmVgJ,,GIS @ https://kanegis.maps.arcgis.com/ version:2024.3,,<arcgis.gis._impl._portalpy.Portal object at 0x000002A8AA343CD0>,7877d6bd00c64156afc525acfe533616,C:\Users\jstan\AppData\Local\Temp\ArcGISProTemp55956,False,,,,2023-03-15,2023-03-15
67a9624077de4d5eb63754f9a2413ff6,Gis_Team,True,JVerachtert,Limited Testing Group,GIS team group for testing,['Testing'],[],,title,asc,False,,,1444942921000,1655503157000,private,[],False,False,True,False,False,,,False,False,org,{'itemTypes': ''},oRKmdBXD6EbdmVgJ,,GIS @ https://kanegis.maps.arcgis.com/ version:2024.3,,<arcgis.gis._impl._portalpy.Portal object at 0x000002A8AA343CD0>,67a9624077de4d5eb63754f9a2413ff6,C:\Users\jstan\AppData\Local\Temp\ArcGISProTemp55956,False,,,,2015-10-15,2022-06-17
3c228f505701477b82268eb5ae07c1f5,Health Department Apps,True,GIS_Krueger,,Kane County Health Department Application Group,['Kane County Health'],[],,title,asc,False,,,1516296659000,1594646119000,public,[],False,False,True,False,False,,,False,False,org,{'itemTypes': ''},oRKmdBXD6EbdmVgJ,,GIS @ https://kanegis.maps.arcgis.com/ version:2024.3,,<arcgis.gis._impl._portalpy.Portal object at 0x000002A8AA343CD0>,3c228f505701477b82268eb5ae07c1f5,C:\Users\jstan\AppData\Local\Temp\ArcGISProTemp55956,False,,,,2018-01-18,2020-07-13
7f1f82571b2c46ce834550a7e04905a5,Health_Narcan,False,GIS_Krueger,Kane County Health Department Narcan Lives Saves,Health Department Narcan Saves Kane County Illinois,"['Health', 'Kane County Illinois']",[],,title,asc,False,,,1484076399000,1484076399000,private,[],False,False,False,False,False,,,False,False,org,{'itemTypes': ''},oRKmdBXD6EbdmVgJ,,GIS @ https://kanegis.maps.arcgis.com/ version:2024.3,,<arcgis.gis._impl._portalpy.Portal object at 0x000002A8AA343CD0>,7f1f82571b2c46ce834550a7e04905a5,C:\Users\jstan\AppData\Local\Temp\ArcGISProTemp55956,False,,,,2017-01-10,2017-01-10
5d1d7a834c9e44048380ffda4c8e3715,HLR - Kane ,True,KDOT_Lebo,Group requested by Ray Johnson,A group used to share data between HLR and Kane County ,"['kdot', 'HLR']",[],,,,False,,,1723052899000,1723057560000,private,[],False,False,False,False,False,,,False,False,,{'itemTypes': ''},oRKmdBXD6EbdmVgJ,,GIS @ https://kanegis.maps.arcgis.com/ version:2024.3,,<arcgis.gis._impl._portalpy.Portal object at 0x000002A8AA343CD0>,5d1d7a834c9e44048380ffda4c8e3715,C:\Users\jstan\AppData\Local\Temp\ArcGISProTemp55956,False,,,,2024-08-07,2024-08-07
dc48442252b04ce19c1d6b86cd1b1d54,HNTB Share,True,KDOT_Lebo,"<span style='font-family:&quot;Avenir Next W01&quot;, &quot;Avenir Next W00&quot;, &quot;Avenir Next&quot;, Avenir, &quot;Helvetica Neue&quot;, sans-serif; font-size:16px;'>A shared Group with GIS Solutions. GIS Solutions has a 3 year GIS Support services with KDOT. This group will remain active through the term of that contract.</span>",A shared Group with GIS Solutions.  GIS Solutions has a 3 year GIS Support services with KDOT.     This group will remain active through the term of that contract. ,"['constultant', 'hntb']",[],,title,asc,False,,,1527002399000,1636558573000,private,[],False,False,True,False,False,,,False,False,org,{'itemTypes': ''},oRKmdBXD6EbdmVgJ,,GIS @ https://kanegis.maps.arcgis.com/ version:2024.3,,<arcgis.gis._impl._portalpy.Portal object at 0x000002A8AA343CD0>,dc48442252b04ce19c1d6b86cd1b1d54,C:\Users\jstan\AppData\Local\Temp\ArcGISProTemp55956,False,,,,2018-05-22,2021-11-10
bfec8ec3312c460eb43c0a225acaa6a4,HouseholdHazardousWastePickup,True,GIS_Krueger,,Kane County Illinois Household hazardous waste pick-up,"['Kane County', 'Household', 'Hazardous', 'Waste pickup']",[],,title,asc,False,,,1644865938060,1644865938063,private,[],False,False,False,False,False,,,False,False,org,{'itemTypes': ''},oRKmdBXD6EbdmVgJ,,GIS @ https://kanegis.maps.arcgis.com/ version:2024.3,,<arcgis.gis._impl._portalpy.Portal object at 0x000002A8AA343CD0>,bfec8ec3312c460eb43c0a225acaa6a4,C:\Users\jstan\AppData\Local\Temp\ArcGISProTemp55956,False,,,,2022-02-14,2022-02-14
7db646fe83104524afe8364efeaab013,Hub Administration Group,False,gistsn,"DO NOT DELETE OR MODIFY THIS GROUP. This group is managed by the ArcGIS Hub application. To make changes to this group, please visit the Team tab at https://hub.arcgis.com/admin/signin/team","DO NOT DELETE OR MODIFY THIS GROUP. This group is managed by the ArcGIS Hub application. To make changes to this group, please visit the Team tab at https://hub.arcgis.com/admin/signin/team",['siteCollaboration'],[],,title,asc,False,,,1511303331000,1511303331000,org,['updateitemcontrol'],False,False,True,False,False,,,False,False,org,{'itemTypes': ''},oRKmdBXD6EbdmVgJ,,GIS @ https://kanegis.maps.arcgis.com/ version:2024.3,,<arcgis.gis._impl._portalpy.Portal object at 0x000002A8AA343CD0>,7db646fe83104524afe8364efeaab013,C:\Users\jstan\AppData\Local\Temp\ArcGISProTemp55956,False,,,,2017-11-21,2017-11-21
0686a9be17f742aeb6ba409eae2fe38b,IGA NA,True,gistsn,,Village of North Aurora,"['kane County Illinois', 'Village of North Aurora']",[],,title,asc,True,,,1523308095000,1530036434000,private,[],False,False,True,False,False,,,False,False,,{'itemTypes': ''},oRKmdBXD6EbdmVgJ,,GIS @ https://kanegis.maps.arcgis.com/ version:2024.3,,<arcgis.gis._impl._portalpy.Portal object at 0x000002A8AA343CD0>,0686a9be17f742aeb6ba409eae2fe38b,C:\Users\jstan\AppData\Local\Temp\ArcGISProTemp55956,False,,,,2018-04-09,2018-06-26
b962cf96dd72409fbfa7cd599d9acaaa,IT GPS Field data,True,KDOT_Lebo,,Field data collection for IT Fiber and ,['IT'],[],,title,asc,False,,,1603473007000,1603473008000,private,[],False,False,False,False,False,,,False,False,org,{'itemTypes': ''},oRKmdBXD6EbdmVgJ,,GIS @ https://kanegis.maps.arcgis.com/ version:2024.3,,<arcgis.gis._impl._portalpy.Portal object at 0x000002A8AA343CD0>,b962cf96dd72409fbfa7cd599d9acaaa,C:\Users\jstan\AppData\Local\Temp\ArcGISProTemp55956,False,,,,2020-10-23,2020-10-23
095ec0e9f0ab4c3c9027b9814efe0733,Kane County Facility Maps,True,GIS_Krueger,,Kane County Facilities,"['Kane County', 'Facilities']",[],,title,asc,False,,,1396532837000,1531924345000,public,[],False,False,True,False,False,,,False,False,org,{'itemTypes': ''},oRKmdBXD6EbdmVgJ,,GIS @ https://kanegis.maps.arcgis.com/ version:2024.3,,<arcgis.gis._impl._portalpy.Portal object at 0x000002A8AA343CD0>,095ec0e9f0ab4c3c9027b9814efe0733,C:\Users\jstan\AppData\Local\Temp\ArcGISProTemp55956,False,,,,2014-04-03,2018-07-18
8975010a949946d1b395645dd6921f19,Kane County Forest Preserve,True,GIS_Krueger,,Kane County Forest Preserve ArcGIS Online Group,"['Kane County Illinois', 'Forest Preserve']",[],,title,asc,False,,,1550078862000,1550079549000,private,[],False,False,False,False,False,,,False,False,org,{'itemTypes': ''},oRKmdBXD6EbdmVgJ,,GIS @ https://kanegis.maps.arcgis.com/ version:2024.3,,<arcgis.gis._impl._portalpy.Portal object at 0x000002A8AA343CD0>,8975010a949946d1b395645dd6921f19,C:\Users\jstan\AppData\Local\Temp\ArcGISProTemp55956,False,,,,2019-02-13,2019-02-13
d1dd5b6f81cd47ef94d7a84f74573a85,Kane County Illinois - Maps Open Data,True,gistsn,,Open Data group for Kane County Illinois - Maps.,['Open Data'],[],,,,False,,,1531419577000,1531419577000,public,[],False,False,False,False,False,,,False,False,org,{'itemTypes': ''},oRKmdBXD6EbdmVgJ,,GIS @ https://kanegis.maps.arcgis.com/ version:2024.3,,<arcgis.gis._impl._portalpy.Portal object at 0x000002A8AA343CD0>,d1dd5b6f81cd47ef94d7a84f74573a85,C:\Users\jstan\AppData\Local\Temp\ArcGISProTemp55956,False,,,True,2018-07-12,2018-07-12
1afa4d296bec4f8f9f62de971de5e4ae,Kane County Illinois Crowd Sourcing,False,gistsn,Kane County Illinois Transportation Department Crowd Sourcing Site,Kane County Illinois Transportation Department Crowd Sourcing Site,['KaneGIS'],[],,title,asc,False,,,1466881240000,1470920889000,public,[],False,False,False,False,False,,,False,False,org,{'itemTypes': ''},oRKmdBXD6EbdmVgJ,,GIS @ https://kanegis.maps.arcgis.com/ version:2024.3,,<arcgis.gis._impl._portalpy.Portal object at 0x000002A8AA343CD0>,1afa4d296bec4f8f9f62de971de5e4ae,C:\Users\jstan\AppData\Local\Temp\ArcGISProTemp55956,False,,,,2016-06-25,2016-08-11
c45a8fb5f68b48d882e31e6c30e716ff,Kane County Transportation Maps,True,gistsn,,Kane County Transportation Maps (public),"['Kane County', 'Transportation']",[],,title,asc,False,,,1396538496000,1516299872000,public,[],False,False,True,False,False,,,False,False,org,{'itemTypes': ''},oRKmdBXD6EbdmVgJ,,GIS @ https://kanegis.maps.arcgis.com/ version:2024.3,,<arcgis.gis._impl._portalpy.Portal object at 0x000002A8AA343CD0>,c45a8fb5f68b48d882e31e6c30e716ff,C:\Users\jstan\AppData\Local\Temp\ArcGISProTemp55956,False,,,,2014-04-03,2018-01-18
246164a6737d408aa3daf67825bb2a71,Kane_UVEZ,True,gistsn,"<div style='border:0px; margin:0px; padding:4px; box-sizing:border-box; width:100%;'><div style='border:0px; margin:0px; padding:0px; box-sizing:border-box;'>UIRVDA<div>Upper Illinois River Valley Development Authority</div></div><div style='border:0px; margin:0px; padding:0px; box-sizing:border-box;'><br /></div><div style='border:0px; margin:0px; padding:0px; box-sizing:border-box;'>Serving Counties of Bureau, Grundy, Kane, Kendall, Lake, LaSalle, Marshall, McHenry and Putnam.</div></div><div style='border:0px; margin:0px; padding:0px; box-sizing:border-box; width:100%;'><div style='border:0px; margin:10px 0px 0px; padding:4px; box-sizing:border-box;'><div style='border:0px; margin:0px; padding:0px; box-sizing:border-box;'><p style='margin-top:0px; margin-bottom:1.5em; border:0px; padding:0px; box-sizing:border-box;'>Regional Development Authorities (RDA) were established beginning in 1990 as a government entity to ensure economic development resources were made accessible to all portions of Illinois regardless of location. Today, ten RDAs serve 91 of the 102 counties in Illinois. More specifically, UIRVDA is dedicated to the growth of the economy in the counties listed above. <br />(<a href='https://uirvda.com/' target='_blank' rel='nofollow ugc noopener noreferrer'>https://uirvda.com</a>)</p></div></div></div>",The Upper IL River Valley Development Authority (UIRVDA) has an enterprise zone (EZ) that serves our 9-county region. UIRVDA is a Special District unit of government that primarily provides low-cost bond financing for eligible projects.,['Kane_UVEZ'],[],,title,asc,True,,,1658413410000,1658425840000,private,[],False,False,False,False,False,,,False,False,org,{'itemTypes': ''},oRKmdBXD6EbdmVgJ,,GIS @ https://kanegis.maps.arcgis.com/ version:2024.3,,<arcgis.gis._impl._portalpy.Portal object at 0x000002A8AA343CD0>,246164a6737d408aa3daf67825bb2a71,C:\Users\jstan\AppData\Local\Temp\ArcGISProTemp55956,False,,,,2022-07-21,2022-07-21
f477bc9f322a4750bbb448e611a625b5,KaneCAD4,True,gistsn,,KaneCAD4 - EnterpriseGIS,['KaneCAD4'],[],,title,asc,True,,,1528895346000,1528895375000,public,[],False,False,False,False,False,,,False,False,org,{'itemTypes': ''},oRKmdBXD6EbdmVgJ,,GIS @ https://kanegis.maps.arcgis.com/ version:2024.3,,<arcgis.gis._impl._portalpy.Portal object at 0x000002A8AA343CD0>,f477bc9f322a4750bbb448e611a625b5,C:\Users\jstan\AppData\Local\Temp\ArcGISProTemp55956,False,,,,2018-06-13,2018-06-13
e56432658ce0415aaeb8edfcb06773ae,KaneCensus,True,gistsn,,Kane County Illinois 2020 Census Layers,['KaneGIS'],[],,title,asc,True,,,1641393849172,1641393849176,private,[],False,False,False,False,False,,,True,False,org,{'itemTypes': ''},oRKmdBXD6EbdmVgJ,,GIS @ https://kanegis.maps.arcgis.com/ version:2024.3,,<arcgis.gis._impl._portalpy.Portal object at 0x000002A8AA343CD0>,e56432658ce0415aaeb8edfcb06773ae,C:\Users\jstan\AppData\Local\Temp\ArcGISProTemp55956,False,,,,2022-01-05,2022-01-05
c1210b15ad3e45538b5ea1d695fbeebc,KaneCollaboration,False,GIS_Krueger,,,"['Kane', 'Collaboration']",[],,,,False,,,1680022596000,1680022596000,private,['distributed'],False,False,True,False,False,,,False,False,org,{'itemTypes': ''},oRKmdBXD6EbdmVgJ,,GIS @ https://kanegis.maps.arcgis.com/ version:2024.3,,<arcgis.gis._impl._portalpy.Portal object at 0x000002A8AA343CD0>,c1210b15ad3e45538b5ea1d695fbeebc,C:\Users\jstan\AppData\Local\Temp\ArcGISProTemp55956,False,,,,2023-03-28,2023-03-28
fa6d74050623448db8b21b9726b0de5f,KaneCountyElectionDistricts,True,GIS_Krueger,,Kane County Election District group,"['Kane County', 'Illinois', 'Election Districts']",[],,title,asc,False,,,1570639768000,1570639768000,private,[],False,False,False,False,False,,,False,False,org,{'itemTypes': ''},oRKmdBXD6EbdmVgJ,,GIS @ https://kanegis.maps.arcgis.com/ version:2024.3,,<arcgis.gis._impl._portalpy.Portal object at 0x000002A8AA343CD0>,fa6d74050623448db8b21b9726b0de5f,C:\Users\jstan\AppData\Local\Temp\ArcGISProTemp55956,False,,,,2019-10-09,2019-10-09
6060dfb66ea54443ae17090b6682d96b,KaneCOVID-19,False,gistsn,Community Analyst Project Group,,"['Community Analyst', 'CA', 'CAProject']",[],,title,asc,False,,,1584038874000,1584038874000,private,[],False,False,False,False,False,,,False,False,org,{'itemTypes': ''},oRKmdBXD6EbdmVgJ,,GIS @ https://kanegis.maps.arcgis.com/ version:2024.3,,<arcgis.gis._impl._portalpy.Portal object at 0x000002A8AA343CD0>,6060dfb66ea54443ae17090b6682d96b,C:\Users\jstan\AppData\Local\Temp\ArcGISProTemp55956,False,,,,2020-03-12,2020-03-12
7a47df923f2b44d49b1baebc25c2e3c1,KaneData Content,False,gistsn,"Use this group to organize the items that you want to share as part of your site. Shared items become available in your site's search results and only people who have access to these items will be able to find them. Members of the core team get access to shared items and can update them at any time. Certain cards, like the Gallery card, will automatically populate with shared items so that you don't have to search for them when choosing what you want to display on your site.<br /><br />Contact support with any questions related to this group or content management for your site.<br /><br /><strong>DO NOT DELETE THIS GROUP.</strong>","Applications, maps, data, etc. shared with this group generates the KaneData content catalog.","['Hub Group', 'Hub Content Group', 'Hub Site Group']",[],,modified,desc,False,,,1626956278000,1626956279000,public,[],False,False,True,False,False,,,False,False,,{'itemTypes': ''},oRKmdBXD6EbdmVgJ,,GIS @ https://kanegis.maps.arcgis.com/ version:2024.3,,<arcgis.gis._impl._portalpy.Portal object at 0x000002A8AA343CD0>,7a47df923f2b44d49b1baebc25c2e3c1,C:\Users\jstan\AppData\Local\Temp\ArcGISProTemp55956,False,,,,2021-07-22,2021-07-22
cd18a7993a0344bd938f637c64038941,KaneData Core Team,False,gistsn,"Adding members to the core team adds them to this group. These team members are also added to the site's content group so they can edit and manage site items in the content group. This group is an update group which means that your team members can update its content. Other members of your ArcGIS Online organization can see this group, but only your team can see what it includes and make changes.<br /><br />If you have additional questions about the core team group, please see Esri documentation or contact support.<br /><br /><strong>DO NOT DELETE THIS GROUP.</strong>","Members of this group can create, edit, and manage the site, pages, and other content related to KaneData.","['Hub Group', 'Hub Site Group', 'Hub Core Team Group', 'Hub Team Group']",[],,modified,desc,False,,,1626956278000,1626956279000,org,['updateitemcontrol'],False,False,True,False,False,,,False,False,collaboration,{'itemTypes': ''},oRKmdBXD6EbdmVgJ,,GIS @ https://kanegis.maps.arcgis.com/ version:2024.3,,<arcgis.gis._impl._portalpy.Portal object at 0x000002A8AA343CD0>,cd18a7993a0344bd938f637c64038941,C:\Users\jstan\AppData\Local\Temp\ArcGISProTemp55956,False,,,,2021-07-22,2021-07-22
cf8f13cebb2746beaa41d096ae5e7d66,KaneGIS - Drone,True,KDOT_Lebo,"A location for posting mapping products generated using drone as source data and processed via DroneDeploy, Drone 2 map, Context Capture and or Pix4D.  <div><br /></div><div>As of these entry 20230103, we are testing all the mapping products above and will make a recommendation on Friday January 12th.  </div>","A location for posting mapping products generated using drone as source data and processed via DroneDeploy, Drone 2 map, Context Capture and or Pix4D.  ",['drone'],[],,,,False,,,1704314297000,1704314470000,org,[],False,False,False,False,False,,,False,False,org,{'itemTypes': ''},oRKmdBXD6EbdmVgJ,,GIS @ https://kanegis.maps.arcgis.com/ version:2024.3,,<arcgis.gis._impl._portalpy.Portal object at 0x000002A8AA343CD0>,cf8f13cebb2746beaa41d096ae5e7d66,C:\Users\jstan\AppData\Local\Temp\ArcGISProTemp55956,False,,,,2024-01-03,2024-01-03
7b88a08d14a542509470f26937681629,KaneGIS - NearMaps,True,gistsn,,KaneGIS - Nearmaps,['KaneGIS - Nearmaps'],[],,title,asc,True,,,1514388777000,1565789211000,org,[],False,False,True,False,False,,,False,False,org,{'itemTypes': ''},oRKmdBXD6EbdmVgJ,,GIS @ https://kanegis.maps.arcgis.com/ version:2024.3,,<arcgis.gis._impl._portalpy.Portal object at 0x000002A8AA343CD0>,7b88a08d14a542509470f26937681629,C:\Users\jstan\AppData\Local\Temp\ArcGISProTemp55956,False,,,,2017-12-27,2019-08-14
56b9b6daec30495182e0dd857fc0af00,KaneGIS Fiber,False,KDOT_Lebo,"<p><span style='font-size:13.0pt; font-family:&quot;Arial&quot;,sans-serif; color:#4C4C4C; background:white;'>This group contains data related to Fiber associated with the Kane County Fiber network.  Both the Kane County Division of Transportation and the Kane County IT Department own and maintain fiber within the County.</span></p><p style='margin-bottom:0.0001pt; background-image:initial; background-position:initial; background-size:initial; background-repeat:initial; background-attachment:initial; background-origin:initial; background-clip:initial;'><span style='font-size:13pt; font-family:Arial, sans-serif;'><b>Disclaimer: </b>This
data does not represent Survey or Engineering grade accuracy. No accuracy is
assumed for the data </span><span style='font-family:Arial, sans-serif; font-size:13pt;'>delineated, herein,
either expressed or implied by Kane County or its Employees. This data is not
for public distribution </span><span style='font-size:13pt; font-family:Arial, sans-serif;'>and should be used solely
for the purposes agreed to by Kane County.  </span></p>",This group contains data related to Fiber associated with the Kane County Fiber network.  Both the Kane County Division of Transportation and the Kane County IT Department own and maintain fiber within the County.,"['Kane County', 'Illinois']",[],,title,asc,True,,,1479920922000,1571237692000,private,[],False,False,True,False,False,,,False,False,,{'itemTypes': ''},oRKmdBXD6EbdmVgJ,,GIS @ https://kanegis.maps.arcgis.com/ version:2024.3,,<arcgis.gis._impl._portalpy.Portal object at 0x000002A8AA343CD0>,56b9b6daec30495182e0dd857fc0af00,C:\Users\jstan\AppData\Local\Temp\ArcGISProTemp55956,False,,,,2016-11-23,2019-10-16
e1efc013ac3a493aa9b99b296a22ba48,KaneGIS FIber Aurora Share,True,KDOT_Lebo,A group used for sharing Fiber Information with the City  of Aurora.<div><br /></div><div><br /></div>,A group used for sharing Fiber Information with the City  of Aurora.,[],[],,title,asc,True,,,1672864629000,1672870987000,private,[],False,False,True,False,False,,,False,False,,{'itemTypes': ''},oRKmdBXD6EbdmVgJ,,GIS @ https://kanegis.maps.arcgis.com/ version:2024.3,,<arcgis.gis._impl._portalpy.Portal object at 0x000002A8AA343CD0>,e1efc013ac3a493aa9b99b296a22ba48,C:\Users\jstan\AppData\Local\Temp\ArcGISProTemp55956,False,,,,2023-01-04,2023-01-04
624b08bcc9af4a8e9321374852d4421b,KaneGIS Fiber Edits KDOT,True,KDOT_Lebo,"A group created to control editing rights to Kane County Fiber data, by the Kane County Division of Transportation.    Kane County FIber data is jointly maintained by the Kane County IT and Transportation Departments.<div><br /></div><div>Editing Rights are limited to Features owned by the Kane County Division of Transportation.   Editing capabilities include updating select attributes, and all associated attachments.  As of 12/18202 group members can add KDOT structures.  </div>",Kane County Division of Transportation Editing group for Fiber,"['fiber', 'kdot']",[],,title,asc,False,,,1546900697000,1608308158000,org,[],False,False,True,False,False,,,False,False,,{'itemTypes': 'Locator Package'},oRKmdBXD6EbdmVgJ,,GIS @ https://kanegis.maps.arcgis.com/ version:2024.3,,<arcgis.gis._impl._portalpy.Portal object at 0x000002A8AA343CD0>,624b08bcc9af4a8e9321374852d4421b,C:\Users\jstan\AppData\Local\Temp\ArcGISProTemp55956,False,,,,2019-01-07,2020-12-18
0ce1641e97bb4037861f461ebab218ec,KaneGIS FiberEdits ITD,True,KDOT_Lebo,"<span style='font-family: &quot;Avenir Next W01&quot;, &quot;Avenir Next W00&quot;, &quot;Avenir Next&quot;, Avenir, &quot;Helvetica Neue&quot;, sans-serif; font-size: 17px;'>A group created to control editing rights to Kane County Fiber data, by the Kane County Information Technologies Department.   Kane County FIber data is jointly maintained by the Kane County IT and Transportation Departments.    Editing Rights are limited to Features owned by the Kane County Information Technologies Department.   Editing capabilities include updating attributes, and associated images. </span>",ITD Editing group for Fiber,"['itd', 'fiber']",[],,title,asc,False,,,1547495176000,1633365193000,private,[],False,False,True,False,False,,,False,False,,{'itemTypes': ''},oRKmdBXD6EbdmVgJ,,GIS @ https://kanegis.maps.arcgis.com/ version:2024.3,,<arcgis.gis._impl._portalpy.Portal object at 0x000002A8AA343CD0>,0ce1641e97bb4037861f461ebab218ec,C:\Users\jstan\AppData\Local\Temp\ArcGISProTemp55956,False,,,,2019-01-14,2021-10-04
e56998d3222d425ea3752d94efa39e88,KaneGIS FiberEditsKDOT,True,KDOT_Lebo,"A group created to control editing rights to Kane County Fiber data, by the Kane County Division of Transportation.    Kane County FIber data is jointly maintained by the Kane County IT and Transportation Departments.<div><br /></div><div>Editing Rights are limited to Features owned by the Kane County Division of Transportation.   Editing capabilities include updating attributes, and associated images<br /></div>","Delete - February 1, 2018 - Editing group for Fiber members","['Kane County', 'Fiber']",[],,title,asc,False,,,1541792497000,1547497800000,private,['updateitemcontrol'],False,False,True,False,False,,,False,False,org,{'itemTypes': ''},oRKmdBXD6EbdmVgJ,,GIS @ https://kanegis.maps.arcgis.com/ version:2024.3,,<arcgis.gis._impl._portalpy.Portal object at 0x000002A8AA343CD0>,e56998d3222d425ea3752d94efa39e88,C:\Users\jstan\AppData\Local\Temp\ArcGISProTemp55956,False,,,,2018-11-09,2019-01-14
dcdbb6a957e24f1ba2e41e289148afc6,KaneGIS Map Gallery,True,gistsn,,Kane County Illinois Public Map Gallery,"['Kane County', 'Kane GIS']",[],,title,asc,False,,,1396013370000,1549039331000,public,[],False,False,True,False,False,,,False,False,org,{'itemTypes': ''},oRKmdBXD6EbdmVgJ,,GIS @ https://kanegis.maps.arcgis.com/ version:2024.3,,<arcgis.gis._impl._portalpy.Portal object at 0x000002A8AA343CD0>,dcdbb6a957e24f1ba2e41e289148afc6,C:\Users\jstan\AppData\Local\Temp\ArcGISProTemp55956,False,,,,2014-03-28,2019-02-01
8745ee0836ae4843a0e38dd5dbfa5480,KaneGIS Mill Creek,True,KDOT_Lebo,Kane County Illinois Mill Creek SSA,KaneGIS Mill Creek,['mill creek'],[],,title,asc,False,,,1652903415000,1653495724000,org,[],False,False,False,False,False,,,False,False,org,{'itemTypes': ''},oRKmdBXD6EbdmVgJ,,GIS @ https://kanegis.maps.arcgis.com/ version:2024.3,,<arcgis.gis._impl._portalpy.Portal object at 0x000002A8AA343CD0>,8745ee0836ae4843a0e38dd5dbfa5480,C:\Users\jstan\AppData\Local\Temp\ArcGISProTemp55956,False,,,,2022-05-18,2022-05-25
eb15f82d36b44e9a94b91a21ff1d14e0,KaneGIS Water Resources Share,True,KDOT_Lebo,,,[],[],,added,desc,False,,,1736195179567,1736195179571,org,[],False,False,False,False,False,,,False,False,org,{'itemTypes': ''},oRKmdBXD6EbdmVgJ,,GIS @ https://kanegis.maps.arcgis.com/ version:2024.3,,<arcgis.gis._impl._portalpy.Portal object at 0x000002A8AA343CD0>,eb15f82d36b44e9a94b91a21ff1d14e0,C:\Users\jstan\AppData\Local\Temp\ArcGISProTemp55956,False,,,,2025-01-06,2025-01-06
ba32144799e64e48b5b3ed66849974e7,KaneGIS4,True,gistsn,,KaneGIS dmz hosted files,['KaneGIS'],[],,title,asc,False,,,1535980379000,1679596543000,private,[],False,False,True,False,False,,,False,False,org,{'itemTypes': ''},oRKmdBXD6EbdmVgJ,,GIS @ https://kanegis.maps.arcgis.com/ version:2024.3,,<arcgis.gis._impl._portalpy.Portal object at 0x000002A8AA343CD0>,ba32144799e64e48b5b3ed66849974e7,C:\Users\jstan\AppData\Local\Temp\ArcGISProTemp55956,False,,,,2018-09-03,2023-03-23
ccb4d47f7b904672ab298191a6a87902,KaneGIS_Fiber_2018,True,gistsn,,KaneGIS Fiber May 2018,['KaneGIS'],[],,title,asc,False,,,1527167911000,1527169147000,private,['updateitemcontrol'],False,False,True,False,False,,,False,False,org,{'itemTypes': ''},oRKmdBXD6EbdmVgJ,,GIS @ https://kanegis.maps.arcgis.com/ version:2024.3,,<arcgis.gis._impl._portalpy.Portal object at 0x000002A8AA343CD0>,ccb4d47f7b904672ab298191a6a87902,C:\Users\jstan\AppData\Local\Temp\ArcGISProTemp55956,False,,,,2018-05-24,2018-05-24
3dd9010bc8f944a1815539269e0aa0cc,KaneGIS_PresentationApp,True,GIS_Krueger,,Presentation Story Maps,"['Kane County', 'Presentations']",[],,title,asc,False,,,1543441370000,1543441370000,private,[],False,False,False,False,False,,,False,False,org,{'itemTypes': ''},oRKmdBXD6EbdmVgJ,,GIS @ https://kanegis.maps.arcgis.com/ version:2024.3,,<arcgis.gis._impl._portalpy.Portal object at 0x000002A8AA343CD0>,3dd9010bc8f944a1815539269e0aa0cc,C:\Users\jstan\AppData\Local\Temp\ArcGISProTemp55956,False,,,,2018-11-28,2018-11-28
737e3f12d5c14e519f1d68f0ef18774d,KaneGIS_RichHarvest,True,gistsn,,Kane County Illinois Rich Harvest Golf Course,['KaneGIS'],[],,title,asc,False,,,1659527997571,1659527997575,public,[],False,False,False,False,False,,,False,False,org,{'itemTypes': ''},oRKmdBXD6EbdmVgJ,,GIS @ https://kanegis.maps.arcgis.com/ version:2024.3,,<arcgis.gis._impl._portalpy.Portal object at 0x000002A8AA343CD0>,737e3f12d5c14e519f1d68f0ef18774d,C:\Users\jstan\AppData\Local\Temp\ArcGISProTemp55956,False,,,,2022-08-03,2022-08-03
3a3de1974b07496ab3dce0ee542cf2ea,KaneGISData Content,False,gistsn,"Use this group to organize the items that you want to share as part of your site. Shared items become available in your site's search results and only people who have access to these items will be able to find them. Members of the core team get access to shared items and can update them at any time. Certain cards, like the Gallery card, will automatically populate with shared items so that you don't have to search for them when choosing what you want to display on your site.<br /><br />Contact support with any questions related to this group or content management for your site.<br /><br /><strong>DO NOT DELETE THIS GROUP.</strong>","Applications, maps, data, etc. shared with this group generates the KaneGISData content catalog.","['Hub Group', 'Hub Content Group', 'Hub Site Group']",[],,modified,desc,False,,,1626964404000,1626964404000,public,[],False,False,True,False,False,,,False,False,,{'itemTypes': ''},oRKmdBXD6EbdmVgJ,,GIS @ https://kanegis.maps.arcgis.com/ version:2024.3,,<arcgis.gis._impl._portalpy.Portal object at 0x000002A8AA343CD0>,3a3de1974b07496ab3dce0ee542cf2ea,C:\Users\jstan\AppData\Local\Temp\ArcGISProTemp55956,False,,,,2021-07-22,2021-07-22
59c22e5e84e64eb9886da503e3bd41af,KaneGISData Core Team,False,gistsn,"Adding members to the core team adds them to this group. These team members are also added to the site's content group so they can edit and manage site items in the content group. This group is an update group which means that your team members can update its content. Other members of your ArcGIS Online organization can see this group, but only your team can see what it includes and make changes.<br /><br />If you have additional questions about the core team group, please see Esri documentation or contact support.<br /><br /><strong>DO NOT DELETE THIS GROUP.</strong>","Members of this group can create, edit, and manage the site, pages, and other content related to KaneGISData.","['Hub Group', 'Hub Site Group', 'Hub Core Team Group', 'Hub Team Group']",[],,modified,desc,False,,,1626964401000,1626964401000,org,['updateitemcontrol'],False,False,True,False,False,,,False,False,collaboration,{'itemTypes': ''},oRKmdBXD6EbdmVgJ,,GIS @ https://kanegis.maps.arcgis.com/ version:2024.3,,<arcgis.gis._impl._portalpy.Portal object at 0x000002A8AA343CD0>,59c22e5e84e64eb9886da503e3bd41af,C:\Users\jstan\AppData\Local\Temp\ArcGISProTemp55956,False,,,,2021-07-22,2021-07-22
9ee07874edac40958828a7bb29ed79e4,KaneWTR,True,KDOT_Lebo,"Data, maps and apps managed by the Kane County Illinois Environmental and Water Resources Department. ",,['Kane County'],[],,title,asc,False,,,1519324580000,1554901452000,private,[],False,False,True,False,False,,,False,False,,{'itemTypes': ''},oRKmdBXD6EbdmVgJ,,GIS @ https://kanegis.maps.arcgis.com/ version:2024.3,,<arcgis.gis._impl._portalpy.Portal object at 0x000002A8AA343CD0>,9ee07874edac40958828a7bb29ed79e4,C:\Users\jstan\AppData\Local\Temp\ArcGISProTemp55956,False,,,,2018-02-22,2019-04-10
073bd4a055f641088b159a6c635efca9,KDOT,False,gistsn,"With a current population of over 500,000, and rapid westward expansion, Kane County’s transportation infrastructure is constantly being enhanced to accommodate growth. The 64 full-time employees of the Kane County Division of Transportation (KDOT) are responsible for the maintenance, planning, design and construction of approximately 320 miles of roadway. KDOT also provides technical assistance to the 16 townships and coordinates with a number of different State, regional, and local agencies on transportation and land use issues. ",Kane County Illinois Division of Transportation,"['Kane County', 'Illinois', 'County', 'KDOT', 'DOT']",[],,title,asc,False,,,1383598105000,1390344171000,private,[],False,False,False,False,False,,,False,False,org,{'itemTypes': ''},oRKmdBXD6EbdmVgJ,,GIS @ https://kanegis.maps.arcgis.com/ version:2024.3,,<arcgis.gis._impl._portalpy.Portal object at 0x000002A8AA343CD0>,073bd4a055f641088b159a6c635efca9,C:\Users\jstan\AppData\Local\Temp\ArcGISProTemp55956,False,,,,2013-11-04,2014-01-21
48202edc200b421a82eee59e7bc9a3f8,KDOT Accela,True,gistsn,Data and services to support the Kane County Division of Transportation Acella Permitting software.    ,Kane County Transportation Permitting Software,['Kane County'],[],,title,asc,False,,,1635261115000,1656435811000,private,[],False,False,True,False,False,,,False,True,org,{'itemTypes': ''},oRKmdBXD6EbdmVgJ,,GIS @ https://kanegis.maps.arcgis.com/ version:2024.3,,<arcgis.gis._impl._portalpy.Portal object at 0x000002A8AA343CD0>,48202edc200b421a82eee59e7bc9a3f8,C:\Users\jstan\AppData\Local\Temp\ArcGISProTemp55956,False,,,,2021-10-26,2022-06-28
35b51c92b40b4cc88faab2daab87c117,KDOT Adopt A Highway,True,KDOT_Lebo,Adopt a Highway editing,Adopt a Highway editing,"['kdot', 'adopt a highway']",[],,title,asc,False,,,1428354921000,1519938986000,private,[],False,False,True,False,False,,,False,False,org,{'itemTypes': ''},oRKmdBXD6EbdmVgJ,,GIS @ https://kanegis.maps.arcgis.com/ version:2024.3,,<arcgis.gis._impl._portalpy.Portal object at 0x000002A8AA343CD0>,35b51c92b40b4cc88faab2daab87c117,C:\Users\jstan\AppData\Local\Temp\ArcGISProTemp55956,False,,,,2015-04-06,2018-03-01
72a65a00970f4331816bf8fcdd837621,KDOT Advanced Linear Referencing System,False,KDOT_Lebo,A Group used to coordinate any change to the KDOT ALRS Datasets.,A Group used to coordinate any change to the KDOT ALRS Datasets.,"['KDOT', 'alrs']",[],,title,asc,False,,,1461940763000,1519936373000,private,[],False,False,False,False,False,,,False,False,org,{'itemTypes': ''},oRKmdBXD6EbdmVgJ,,GIS @ https://kanegis.maps.arcgis.com/ version:2024.3,,<arcgis.gis._impl._portalpy.Portal object at 0x000002A8AA343CD0>,72a65a00970f4331816bf8fcdd837621,C:\Users\jstan\AppData\Local\Temp\ArcGISProTemp55956,False,,,,2016-04-29,2018-03-01
c9ea2f6379ef440b96753fbfbf30a9d8,KDOT APTech Data Review,True,KDOT_Lebo,,A group used to review both pavement markings and signs delived by APTech ( june 2nd),['kdot'],[],,title,asc,False,,,1683825049785,1683825049789,public,[],False,False,False,False,False,,,False,False,org,{'itemTypes': ''},oRKmdBXD6EbdmVgJ,,GIS @ https://kanegis.maps.arcgis.com/ version:2024.3,,<arcgis.gis._impl._portalpy.Portal object at 0x000002A8AA343CD0>,c9ea2f6379ef440b96753fbfbf30a9d8,C:\Users\jstan\AppData\Local\Temp\ArcGISProTemp55956,False,,,,2023-05-11,2023-05-11
557eb6dddefd4e9fa45b812c8f67b620,KDOT Bike Trails,False,KDOT_Lebo,A group used to consolidate all working Bike Trail Data.,A group used to consolidate all working Bike Trail Data.,"['kdot', 'planning', 'bike', 'trails']",[],,title,asc,False,,,1436467983000,1519939038000,public,[],False,False,False,False,False,,,False,False,org,{'itemTypes': ''},oRKmdBXD6EbdmVgJ,,GIS @ https://kanegis.maps.arcgis.com/ version:2024.3,,<arcgis.gis._impl._portalpy.Portal object at 0x000002A8AA343CD0>,557eb6dddefd4e9fa45b812c8f67b620,C:\Users\jstan\AppData\Local\Temp\ArcGISProTemp55956,False,,,,2015-07-09,2018-03-01
1d15b69cee8a43df8afcb5df8566bb0a,KDOT Bike Trails Public,False,KDOT_Lebo,"A Group used for Public access to the bike Trail data.   All data,maps and applications within this group are open to the public.",A Group used for Public access to the bike Trail data.,"['kdot', 'bilke', 'planning']",[],,title,asc,False,,,1453500751000,1615476858000,public,[],False,False,False,False,False,,,False,False,org,{'itemTypes': ''},oRKmdBXD6EbdmVgJ,,GIS @ https://kanegis.maps.arcgis.com/ version:2024.3,,<arcgis.gis._impl._portalpy.Portal object at 0x000002A8AA343CD0>,1d15b69cee8a43df8afcb5df8566bb0a,C:\Users\jstan\AppData\Local\Temp\ArcGISProTemp55956,False,,,,2016-01-22,2021-03-11
6d441531f7e7493f828b8d731cf3adf0,KDOT Bridges ,True,KDOT_Lebo,A Bridge collaboration site for Kane County and HLR.  ,A collaboration site for Kane County and HLR,"['kdot', 'bridge', 'hlr']",[],,title,asc,True,,,1569441230000,1569518874000,private,[],False,False,False,False,False,,,False,False,,{'itemTypes': ''},oRKmdBXD6EbdmVgJ,,GIS @ https://kanegis.maps.arcgis.com/ version:2024.3,,<arcgis.gis._impl._portalpy.Portal object at 0x000002A8AA343CD0>,6d441531f7e7493f828b8d731cf3adf0,C:\Users\jstan\AppData\Local\Temp\ArcGISProTemp55956,False,,,,2019-09-25,2019-09-26
fca5b1f7387d4a8cbdb878e896646974,KDOT Division of Transportation,False,KDOT_Lebo," This group is used to house data and maps associated with the Kane County Division of Transportation.    <span style='color: rgb(0, 0, 0); font-family: '>With a current population of over 500,000, and rapid westward expansion, Kane County’s transportation infrastructure is constantly being enhanced to accommodate growth. The 64 full-time employees of the Kane County Division of Transportation (KDOT) are responsible for the maintenance, planning, design and construction of approximately 320 miles of roadway. KDOT also provides technical assistance to the 16 townships and coordinates with a number of different State, regional, and local agencies on transportation and land use issues.</span>",This group is used to house data and maps associated with the Kane County Division of Transportation.  ,"['kane county', 'kdot']",[],,title,asc,True,,,1400690279000,1519941314000,org,[],False,False,False,False,False,,,False,False,,{'itemTypes': ''},oRKmdBXD6EbdmVgJ,,GIS @ https://kanegis.maps.arcgis.com/ version:2024.3,,<arcgis.gis._impl._portalpy.Portal object at 0x000002A8AA343CD0>,fca5b1f7387d4a8cbdb878e896646974,C:\Users\jstan\AppData\Local\Temp\ArcGISProTemp55956,False,,,,2014-05-21,2018-03-01
03aa1cd711d846aaaab7c80094b6e9cb,KDOT Field Data Collection,False,KDOT_Lebo, A group used to facilitate Field data collection.,"Kane County Division of Transportation Field data Collection

","['kdot', 'field']",[],,title,asc,False,,,1402068037000,1402082438000,org,[],False,False,False,False,False,,,False,False,org,{'itemTypes': ''},oRKmdBXD6EbdmVgJ,,GIS @ https://kanegis.maps.arcgis.com/ version:2024.3,,<arcgis.gis._impl._portalpy.Portal object at 0x000002A8AA343CD0>,03aa1cd711d846aaaab7c80094b6e9cb,C:\Users\jstan\AppData\Local\Temp\ArcGISProTemp55956,False,,,,2014-06-06,2014-06-06
ec6965bf50f143d0919294758956969c,KDOT Guard Rail,False,KDOT_Lebo,Guard Rail end section data collection,Guard Rail end section data collection,['guard rail'],[],,title,asc,False,,,1465413074000,1519941335000,public,[],False,False,False,False,False,,,False,False,org,{'itemTypes': ''},oRKmdBXD6EbdmVgJ,,GIS @ https://kanegis.maps.arcgis.com/ version:2024.3,,<arcgis.gis._impl._portalpy.Portal object at 0x000002A8AA343CD0>,ec6965bf50f143d0919294758956969c,C:\Users\jstan\AppData\Local\Temp\ArcGISProTemp55956,False,,,,2016-06-08,2018-03-01
e4a0c4b7dd7342dca4353142ed10fb80,KDOT Implementation,True,KDOT_Lebo,"<div><br /></div><div>Edit<span style='word-wrap: break-word; max-width: 100%; display: inherit; font-family: &quot;Avenir Next W01&quot;, &quot;Avenir Next W00&quot;, &quot;Avenir Next&quot;, Avenir, &quot;Helvetica Neue&quot;, sans-serif; font-size: 17px; background-color: rgb(255, 255, 255);'>A group used to serve Kane County Transportation data relative to the Implementation Department.</span></div>",A group used to serve Kane County Transportation data relative to the Implementation Department.  ,"['kdot', 'implementation']",[],,title,asc,False,,,1522788615000,1522788666000,public,[],False,False,False,False,False,,,False,False,org,{'itemTypes': ''},oRKmdBXD6EbdmVgJ,,GIS @ https://kanegis.maps.arcgis.com/ version:2024.3,,<arcgis.gis._impl._portalpy.Portal object at 0x000002A8AA343CD0>,e4a0c4b7dd7342dca4353142ed10fb80,C:\Users\jstan\AppData\Local\Temp\ArcGISProTemp55956,False,,,,2018-04-03,2018-04-03
02ee815f1d5f49f780b4325e99dfbdf1,KDOT JULIE,True,KDOT_Lebo,,All data related to JULIE,"['KDOT', 'JULIE']",[],,title,asc,False,,,1501093219000,1515770371000,public,[],False,False,False,False,False,,,False,False,org,{'itemTypes': ''},oRKmdBXD6EbdmVgJ,,GIS @ https://kanegis.maps.arcgis.com/ version:2024.3,,<arcgis.gis._impl._portalpy.Portal object at 0x000002A8AA343CD0>,02ee815f1d5f49f780b4325e99dfbdf1,C:\Users\jstan\AppData\Local\Temp\ArcGISProTemp55956,False,,,,2017-07-26,2018-01-12
1d0168edae3d4ac399d020e561f7910b,KDOT JULIE Edits,True,KDOT_Lebo,,A group used to control editing of Kane County Polygons reported to JULIE .,"['KDOT', 'JULIE']",[],,title,asc,False,,,1548357861000,1548357943000,public,[],False,False,False,False,False,,,False,False,org,{'itemTypes': ''},oRKmdBXD6EbdmVgJ,,GIS @ https://kanegis.maps.arcgis.com/ version:2024.3,,<arcgis.gis._impl._portalpy.Portal object at 0x000002A8AA343CD0>,1d0168edae3d4ac399d020e561f7910b,C:\Users\jstan\AppData\Local\Temp\ArcGISProTemp55956,False,,,,2019-01-24,2019-01-24
8d0c78a035574a668d80592666da31b0,KDOT NPDES  Inventory,True,KDOT_Lebo,NPDES data gathered in 2004.  Data  has not been updated.    ,Storm Sewer inventory completed in 2004.,"['kdot', 'npdes']",[],,title,asc,False,,,1509547178000,1519940274000,public,[],False,False,True,False,False,,,False,False,org,{'itemTypes': ''},oRKmdBXD6EbdmVgJ,,GIS @ https://kanegis.maps.arcgis.com/ version:2024.3,,<arcgis.gis._impl._portalpy.Portal object at 0x000002A8AA343CD0>,8d0c78a035574a668d80592666da31b0,C:\Users\jstan\AppData\Local\Temp\ArcGISProTemp55956,False,,,,2017-11-01,2018-03-01
1f2133190aea44dc90f8244f1b0020e4,KDOT Outside Consultant Share,True,KDOT_Lebo,A group used to control intermittent access to KDOT Data as approved by KDOT.  ,A group used to control access to KDOT approved data,"['kdot', 'share']",[],,title,asc,False,,,1633368126000,1676481551000,private,[],False,False,True,False,False,,,False,True,,{'itemTypes': ''},oRKmdBXD6EbdmVgJ,,GIS @ https://kanegis.maps.arcgis.com/ version:2024.3,,<arcgis.gis._impl._portalpy.Portal object at 0x000002A8AA343CD0>,1f2133190aea44dc90f8244f1b0020e4,C:\Users\jstan\AppData\Local\Temp\ArcGISProTemp55956,False,,,,2021-10-04,2023-02-15
aa2b1db3fa23442cb5cc1a3c719468ab,KDOT Permitting,True,KDOT_Lebo,,KDOT Permitting,['permitting'],[],,title,asc,False,,,1571692208000,1571692209000,private,[],False,False,False,False,False,,,False,False,org,{'itemTypes': ''},oRKmdBXD6EbdmVgJ,,GIS @ https://kanegis.maps.arcgis.com/ version:2024.3,,<arcgis.gis._impl._portalpy.Portal object at 0x000002A8AA343CD0>,aa2b1db3fa23442cb5cc1a3c719468ab,C:\Users\jstan\AppData\Local\Temp\ArcGISProTemp55956,False,,,,2019-10-21,2019-10-21
e0bd11f6eeff4170929aa30482fb55f5,KDOT Planning,False,KDOT_Lebo,A group for the KDOT Planning Department.,A group for the KDOT Planning Department.,"['KDOT', 'Planning']",[],,title,asc,False,,,1446210819000,1519936337000,org,[],False,False,False,False,False,,,False,False,org,{'itemTypes': ''},oRKmdBXD6EbdmVgJ,,GIS @ https://kanegis.maps.arcgis.com/ version:2024.3,,<arcgis.gis._impl._portalpy.Portal object at 0x000002A8AA343CD0>,e0bd11f6eeff4170929aa30482fb55f5,C:\Users\jstan\AppData\Local\Temp\ArcGISProTemp55956,False,,,,2015-10-30,2018-03-01
c4f91d761694443cb49993143ffd79ad,KDOT Public,True,KDOT_Lebo,,Data Available to the Public,"['KDOT', 'public']",[],,title,asc,False,,,1570826596000,1570826596000,public,[],False,False,False,False,False,,,False,False,org,{'itemTypes': ''},oRKmdBXD6EbdmVgJ,,GIS @ https://kanegis.maps.arcgis.com/ version:2024.3,,<arcgis.gis._impl._portalpy.Portal object at 0x000002A8AA343CD0>,c4f91d761694443cb49993143ffd79ad,C:\Users\jstan\AppData\Local\Temp\ArcGISProTemp55956,False,,,,2019-10-11,2019-10-11
39e452c6eec94509812fb34b111620d0,KDOT ROW,True,KDOT_Lebo,,,[],[],,,,False,,,1731097449597,1731097449600,org,[],False,False,False,False,False,,,False,False,org,{'itemTypes': ''},oRKmdBXD6EbdmVgJ,,GIS @ https://kanegis.maps.arcgis.com/ version:2024.3,,<arcgis.gis._impl._portalpy.Portal object at 0x000002A8AA343CD0>,39e452c6eec94509812fb34b111620d0,C:\Users\jstan\AppData\Local\Temp\ArcGISProTemp55956,False,,,,2024-11-08,2024-11-08
81eb82fc867c4b4c93dae1f4a7dadec9,KDOT Sign Shop,False,KDOT_Lebo,,Kane County Division of Transportation Sign Shop ,"['KDOT', 'sign shop']",[],,title,asc,False,,,1449863006000,1519940968000,private,[],False,False,False,False,False,,,False,False,org,{'itemTypes': ''},oRKmdBXD6EbdmVgJ,,GIS @ https://kanegis.maps.arcgis.com/ version:2024.3,,<arcgis.gis._impl._portalpy.Portal object at 0x000002A8AA343CD0>,81eb82fc867c4b4c93dae1f4a7dadec9,C:\Users\jstan\AppData\Local\Temp\ArcGISProTemp55956,False,,,,2015-12-11,2018-03-01
688963cae9244207b716c72b0575327b,KDOT Test,False,KDOT_Lebo,,,['test'],[],,title,asc,False,,,1469214047000,1546535366000,private,[],False,False,False,False,False,,,False,False,org,{'itemTypes': ''},oRKmdBXD6EbdmVgJ,,GIS @ https://kanegis.maps.arcgis.com/ version:2024.3,,<arcgis.gis._impl._portalpy.Portal object at 0x000002A8AA343CD0>,688963cae9244207b716c72b0575327b,C:\Users\jstan\AppData\Local\Temp\ArcGISProTemp55956,False,,,,2016-07-22,2019-01-03
aa9ec07809334db7a1792f79e4868810,KDOT Township  Roads ,True,KDOT_Lebo,A group used to manage Township Road Jurisdiction. ,Township Roads ,['test'],[],,title,asc,False,,,1508181550000,1519940242000,private,[],False,False,False,False,False,,,False,False,,{'itemTypes': ''},oRKmdBXD6EbdmVgJ,,GIS @ https://kanegis.maps.arcgis.com/ version:2024.3,,<arcgis.gis._impl._portalpy.Portal object at 0x000002A8AA343CD0>,aa9ec07809334db7a1792f79e4868810,C:\Users\jstan\AppData\Local\Temp\ArcGISProTemp55956,False,,,,2017-10-16,2018-03-01
a034bdf9770445ddaa2500d8b0ef660c,KDOT Traffic,False,KDOT_Lebo,A group used for managing and editing Traffic Related data.  ,A group used for managing and editing Traffic Related data.  ,"['KDOT', 'traffic']",[],,title,asc,False,,,1438804420000,1519941189000,private,[],False,False,False,False,False,,,False,False,org,{'itemTypes': ''},oRKmdBXD6EbdmVgJ,,GIS @ https://kanegis.maps.arcgis.com/ version:2024.3,,<arcgis.gis._impl._portalpy.Portal object at 0x000002A8AA343CD0>,a034bdf9770445ddaa2500d8b0ef660c,C:\Users\jstan\AppData\Local\Temp\ArcGISProTemp55956,False,,,,2015-08-05,2018-03-01
06f10a112e35426483ed581c467743d5,KDOT Traffic Counts,True,KDOT_Lebo,<font size='4'>A group for Counting and Managing Traffic Counts.   Created by Kurt Lebo of the Kane County Division of Transportation.   </font>,A group for Counting and Managing Traffic Counts. ,"['kdot', 'aadt', 'adt', 'traffic counts']",[],,title,asc,False,,,1440619414000,1519941149000,org,[],False,False,False,False,False,,,False,False,,{'itemTypes': ''},oRKmdBXD6EbdmVgJ,,GIS @ https://kanegis.maps.arcgis.com/ version:2024.3,,<arcgis.gis._impl._portalpy.Portal object at 0x000002A8AA343CD0>,06f10a112e35426483ed581c467743d5,C:\Users\jstan\AppData\Local\Temp\ArcGISProTemp55956,False,,,,2015-08-26,2018-03-01
d0e4c95d7aae48d4bdd52b2c5181f23f,KIT Drone,True,KDOT_Lebo,,Image services generated by Drone Deploy,"['kit', 'drone']",[],,,,False,,,1710513341887,1710513341889,org,[],False,False,False,False,False,,,False,False,org,{'itemTypes': ''},oRKmdBXD6EbdmVgJ,,GIS @ https://kanegis.maps.arcgis.com/ version:2024.3,,<arcgis.gis._impl._portalpy.Portal object at 0x000002A8AA343CD0>,d0e4c95d7aae48d4bdd52b2c5181f23f,C:\Users\jstan\AppData\Local\Temp\ArcGISProTemp55956,False,,,,2024-03-15,2024-03-15
ef37b1b9cf964d94be475ca43db453b9,KKCOM,True,KDOT_Martin,"<p style='color: rgb(0, 0, 0); font-family: Arial, Helvetica, sans-serif; font-size: 13.3333px;'>The Council of Mayors was established through the Chicago Metropolitan Agency for Planning (CMAP) to provide a forum for early public involvement and partnership in the various transportation plans and projects developed for Northeastern Illinois.</p><p style='color: rgb(0, 0, 0); font-family: Arial, Helvetica, sans-serif; font-size: 13.3333px;'>The eleven sub regional councils, one of which is the Kane / Kendall Council of Mayors, are responsible for programming federal Surface Transportation Program (STP) funds for transportation improvements each year and are key players in the development of the region's Transportation Improvement Program (TIP) and Regional Transportation Plan.</p>",Data housed in this group support the programming and implementation efforts of KKCOM.,"['KKCOM', 'KDOT', 'Transportation', 'Planning', 'CMAP']",[],,title,asc,False,,,1596557519000,1683827238000,org,[],False,False,False,False,False,,,False,False,org,{'itemTypes': ''},oRKmdBXD6EbdmVgJ,,GIS @ https://kanegis.maps.arcgis.com/ version:2024.3,,<arcgis.gis._impl._portalpy.Portal object at 0x000002A8AA343CD0>,ef37b1b9cf964d94be475ca43db453b9,C:\Users\jstan\AppData\Local\Temp\ArcGISProTemp55956,False,,,,2020-08-04,2023-05-11
b055f1120f2e439ea9969a62804ad571,Lidar,True,GIS_Krueger,,Kane County Data extracted from the Lidar,"['Kane County Illinois', 'Lidar']",[],,title,asc,False,,,1580161832000,1580161833000,private,['updateitemcontrol'],False,False,False,False,False,,,False,False,org,{'itemTypes': ''},oRKmdBXD6EbdmVgJ,,GIS @ https://kanegis.maps.arcgis.com/ version:2024.3,,<arcgis.gis._impl._portalpy.Portal object at 0x000002A8AA343CD0>,b055f1120f2e439ea9969a62804ad571,C:\Users\jstan\AppData\Local\Temp\ArcGISProTemp55956,False,,,,2020-01-27,2020-01-27
e35d18d51ff84e12a767035bef90e809,Maple Park,True,GIS_Krueger,,Village of Maple Park Data,"['Maple Park', 'Dekalb County']",[],,title,asc,False,,,1678896948950,1678896948954,private,[],False,False,False,False,False,,,False,False,org,{'itemTypes': ''},oRKmdBXD6EbdmVgJ,,GIS @ https://kanegis.maps.arcgis.com/ version:2024.3,,<arcgis.gis._impl._portalpy.Portal object at 0x000002A8AA343CD0>,e35d18d51ff84e12a767035bef90e809,C:\Users\jstan\AppData\Local\Temp\ArcGISProTemp55956,False,,,,2023-03-15,2023-03-15
3f0638b293a84be1b379a2f4625065be,North Aurora,True,gistsn,,Village of North Aurora,['Village of North Aurora'],[],,title,asc,True,,,1514909699000,1514909699000,private,[],False,False,False,False,False,,,False,False,org,{'itemTypes': ''},oRKmdBXD6EbdmVgJ,,GIS @ https://kanegis.maps.arcgis.com/ version:2024.3,,<arcgis.gis._impl._portalpy.Portal object at 0x000002A8AA343CD0>,3f0638b293a84be1b379a2f4625065be,C:\Users\jstan\AppData\Local\Temp\ArcGISProTemp55956,False,,,,2018-01-02,2018-01-02
2783cf9fb981499e9832f67a50173397,OEM_DMA,True,GIS_Krueger,OEM DMA Template testing<br />,OEM DMA Template,['OEM'],[],,title,asc,False,,,1401282600000,1698241794000,private,[],False,False,False,False,False,,,False,False,org,{'itemTypes': ''},oRKmdBXD6EbdmVgJ,,GIS @ https://kanegis.maps.arcgis.com/ version:2024.3,,<arcgis.gis._impl._portalpy.Portal object at 0x000002A8AA343CD0>,2783cf9fb981499e9832f67a50173397,C:\Users\jstan\AppData\Local\Temp\ArcGISProTemp55956,False,,,,2014-05-28,2023-10-25
168db18c5c4e4e61a4e571af3d6dfb1e,Permitting,True,KDOT_Martin,A group created to be a central location for interactive maps within the Permitting department able to be editable within the group and seen by all the County.,Central location for interactive permitting maps,"['KDOT', 'permitting', 'roads', 'county']",[],,title,asc,False,,,1512144469000,1512144675000,org,[],False,False,False,False,False,,,False,False,org,{'itemTypes': ''},oRKmdBXD6EbdmVgJ,,GIS @ https://kanegis.maps.arcgis.com/ version:2024.3,,<arcgis.gis._impl._portalpy.Portal object at 0x000002A8AA343CD0>,168db18c5c4e4e61a4e571af3d6dfb1e,C:\Users\jstan\AppData\Local\Temp\ArcGISProTemp55956,False,,,,2017-12-01,2017-12-01
e63672fef1864dedbad0c3fe5f694518,Portal_Collaboration,False,GIS_Krueger,,,"['Kane', 'AGOL', 'Portal']",[],,,,False,,,1679596542000,1680022596000,private,[],False,False,True,False,False,,,False,False,org,{'itemTypes': ''},oRKmdBXD6EbdmVgJ,,GIS @ https://kanegis.maps.arcgis.com/ version:2024.3,,<arcgis.gis._impl._portalpy.Portal object at 0x000002A8AA343CD0>,e63672fef1864dedbad0c3fe5f694518,C:\Users\jstan\AppData\Local\Temp\ArcGISProTemp55956,False,,,,2023-03-23,2023-03-28
8cbb8ff468cb4ff297fa16423c35b253,Public Parking Content,False,JVerachtert,"Use this group to organize the items that you want to share as part of your site. Shared items become available in your site's search results and only people who have access to these items will be able to find them. Members of the core team get access to shared items and can update them at any time. Certain cards, like the Gallery card, will automatically populate with shared items so that you don't have to search for them when choosing what you want to display on your site.<br /><br />Contact support with any questions related to this group or content management for your site.<br /><br /><strong>DO NOT DELETE THIS GROUP.</strong>","Applications, maps, data, etc. shared with this group generates the Public Parking content catalog.","['Hub Group', 'Hub Content Group', 'Hub Site Group']",[],,modified,desc,False,,,1671835770000,1671835771000,public,[],False,False,True,False,False,,,False,False,,{'itemTypes': ''},oRKmdBXD6EbdmVgJ,,GIS @ https://kanegis.maps.arcgis.com/ version:2024.3,,<arcgis.gis._impl._portalpy.Portal object at 0x000002A8AA343CD0>,8cbb8ff468cb4ff297fa16423c35b253,C:\Users\jstan\AppData\Local\Temp\ArcGISProTemp55956,False,,,,2022-12-23,2022-12-23
8790fe85059344c796d50851714a59b0,Public Parking Core Team,False,JVerachtert,"Adding members to the core team adds them to this group. These team members are also added to the site's content group so they can edit and manage site items in the content group. This group is an update group which means that your team members can update its content. Other members of your ArcGIS Online organization can see this group, but only your team can see what it includes and make changes.<br /><br />If you have additional questions about the core team group, please see Esri documentation or contact support.<br /><br /><strong>DO NOT DELETE THIS GROUP.</strong>","Members of this group can create, edit, and manage the site, pages, and other content related to Public Parking.","['Hub Group', 'Hub Site Group', 'Hub Core Team Group', 'Hub Team Group']",[],,modified,desc,False,,,1671835770000,1671835771000,org,['updateitemcontrol'],False,False,True,False,False,,,False,False,collaboration,{'itemTypes': ''},oRKmdBXD6EbdmVgJ,,GIS @ https://kanegis.maps.arcgis.com/ version:2024.3,,<arcgis.gis._impl._portalpy.Portal object at 0x000002A8AA343CD0>,8790fe85059344c796d50851714a59b0,C:\Users\jstan\AppData\Local\Temp\ArcGISProTemp55956,False,,,,2022-12-23,2022-12-23
0425946251824a9e83f3fb4e17fc5920,Remapping Precincts,True,GIS_Krueger,,Remapping voting precincts from Redistricting layers,"['Kane County', 'Precincts', 'State Districts', 'County Board Districts']",[],,title,asc,False,,,1640791680152,1640791680156,public,[],False,False,False,False,False,,,False,False,org,{'itemTypes': ''},oRKmdBXD6EbdmVgJ,,GIS @ https://kanegis.maps.arcgis.com/ version:2024.3,,<arcgis.gis._impl._portalpy.Portal object at 0x000002A8AA343CD0>,0425946251824a9e83f3fb4e17fc5920,C:\Users\jstan\AppData\Local\Temp\ArcGISProTemp55956,False,,,,2021-12-29,2021-12-29
c117bfb4104a44628ca4c8169f17fa43,Share with Doris,True,kdot_gissolutions,,,[],[],,,,False,,,1700496922546,1700496922551,private,[],False,False,False,False,False,,,False,False,org,{'itemTypes': ''},oRKmdBXD6EbdmVgJ,,GIS @ https://kanegis.maps.arcgis.com/ version:2024.3,,<arcgis.gis._impl._portalpy.Portal object at 0x000002A8AA343CD0>,c117bfb4104a44628ca4c8169f17fa43,C:\Users\jstan\AppData\Local\Temp\ArcGISProTemp55956,False,,,,2023-11-20,2023-11-20
30bf7a8bfd084a8fa2ec8ea1dd0810fe,Sheriff_Crimes,True,gistsn,,Kane County Illinois Sheriff Crime Tracker,['Kane County'],[],,title,asc,True,,,1551713945000,1551714008000,private,[],False,False,False,False,False,,,False,False,org,{'itemTypes': ''},oRKmdBXD6EbdmVgJ,,GIS @ https://kanegis.maps.arcgis.com/ version:2024.3,,<arcgis.gis._impl._portalpy.Portal object at 0x000002A8AA343CD0>,30bf7a8bfd084a8fa2ec8ea1dd0810fe,C:\Users\jstan\AppData\Local\Temp\ArcGISProTemp55956,False,,,,2019-03-04,2019-03-04
cae2b3ff6ecd4ce1959a7a01f2c51802,Sheriff_OD,False,GIS_Publisher7,Kane County Sheriff Overdose site for the ArcGIS Collector.<br />,Kane County Sheriff Overdose Collector Site,"['Kane', 'Sheriff', 'OD']",[],,title,asc,False,,,1402510104000,1541793176000,private,[],False,False,False,False,False,,,False,False,org,{'itemTypes': ''},oRKmdBXD6EbdmVgJ,,GIS @ https://kanegis.maps.arcgis.com/ version:2024.3,,<arcgis.gis._impl._portalpy.Portal object at 0x000002A8AA343CD0>,cae2b3ff6ecd4ce1959a7a01f2c51802,C:\Users\jstan\AppData\Local\Temp\ArcGISProTemp55956,False,,,,2014-06-11,2018-11-09
a290c51ece364b879a06a5e3d585a756,Sign Assignments,True,JVerachtert,A group used in the Sign Assignments Workforce project.,A group used in the Sign Assignments Workforce project.,['workforce'],['source-c9e41d667eb842ab9d1457848ea0144e'],,title,asc,True,,,1686846981305,1686846981310,private,[],False,False,False,False,False,,,False,False,org,{'itemTypes': ''},oRKmdBXD6EbdmVgJ,,GIS @ https://kanegis.maps.arcgis.com/ version:2024.3,,<arcgis.gis._impl._portalpy.Portal object at 0x000002A8AA343CD0>,a290c51ece364b879a06a5e3d585a756,C:\Users\jstan\AppData\Local\Temp\ArcGISProTemp55956,False,,,,2023-06-15,2023-06-15
be5056ebfe69403385fd5f23e40ef8b5,Sign Request Manager,True,JVerachtert,A group used in the Sign Request Manager application.,A group used in the Sign Request Manager application.,"['Signs', 'Poles', 'Public Works', 'Transportation', 'Asset Management', 'Right-of-Way', 'Inspections', 'Maintenance', 'Service Requests', 'Field', '3D', 'ArcGIS Solutions']",['source-e23a1f6693dd471c9f8a1999ab06e917'],,title,asc,False,,,1686846986000,1686846987000,private,[],False,False,False,False,False,,,False,False,org,{'itemTypes': ''},oRKmdBXD6EbdmVgJ,,GIS @ https://kanegis.maps.arcgis.com/ version:2024.3,,<arcgis.gis._impl._portalpy.Portal object at 0x000002A8AA343CD0>,be5056ebfe69403385fd5f23e40ef8b5,C:\Users\jstan\AppData\Local\Temp\ArcGISProTemp55956,False,,,,2023-06-15,2023-06-15
45ca66a285204e7c93a745f04ad4300e,Stormwater Editor,True,gistsn,A group containing the maps and apps required for Stormwater Editors.,Series of maps and apps support stormwater editing.,"['Stormwater', 'Editor', 'source-39ea5f73d9494969ba38da97d2717d10']",[],,title,asc,True,,,1513089863000,1513089864000,private,[],False,False,False,False,False,,,False,False,org,{'itemTypes': ''},oRKmdBXD6EbdmVgJ,,GIS @ https://kanegis.maps.arcgis.com/ version:2024.3,,<arcgis.gis._impl._portalpy.Portal object at 0x000002A8AA343CD0>,45ca66a285204e7c93a745f04ad4300e,C:\Users\jstan\AppData\Local\Temp\ArcGISProTemp55956,False,,,,2017-12-12,2017-12-12
64b1dd84d9d3483f82066dc15a4718f5,Stormwater Viewer,True,gistsn,A group containing the maps and apps required for Stormwater Viewers.,Series of maps and apps support culvert inventory and inspection.,"['Stormwater', 'Viewer', 'source-12e07ce4fd1b423e80ac0ea4fad3809a']",[],,title,asc,True,,,1513094821000,1513094821000,private,[],False,False,False,False,False,,,False,False,org,{'itemTypes': ''},oRKmdBXD6EbdmVgJ,,GIS @ https://kanegis.maps.arcgis.com/ version:2024.3,,<arcgis.gis._impl._portalpy.Portal object at 0x000002A8AA343CD0>,64b1dd84d9d3483f82066dc15a4718f5,C:\Users\jstan\AppData\Local\Temp\ArcGISProTemp55956,False,,,,2017-12-12,2017-12-12
5fa398415725463e9c7aabff4cfed7f1,Temp,False,GIS_Publisher7,Temp group for testing<br />,Temp group for testing,"['Kane', 'Testing']",[],,title,asc,False,,,1406211999000,1406211999000,private,[],False,False,False,False,False,,,False,False,org,{'itemTypes': ''},oRKmdBXD6EbdmVgJ,,GIS @ https://kanegis.maps.arcgis.com/ version:2024.3,,<arcgis.gis._impl._portalpy.Portal object at 0x000002A8AA343CD0>,5fa398415725463e9c7aabff4cfed7f1,C:\Users\jstan\AppData\Local\Temp\ArcGISProTemp55956,False,,,,2014-07-24,2014-07-24
